Workbook

Sheet 1. Como Usar
A1: CONTROLE DE ESTOQUE PRO — LUKANA MARCENARIA
A4: BEM-VINDO AO CONTROLE DE ESTOQUE PRO
A6: Esta planilha controla TUDO que entra e sai do seu estoque de material.
A8: 📋 COMO USAR:
A10: 1️⃣ CONFIGURE SEU ESTOQUE INICIAL | B10: Aba '2. Cadastro de Materiais' - cadastre todos os materiais que você usa
A11: 2️⃣ REGISTRE ENTRADAS | B11: Aba '3. Movimentações' - toda vez que comprar material, registra entrada
A12: 3️⃣ REGISTRE SAÍDAS | B12: Aba '3. Movimentações' - toda vez que usar material em projeto, registra saída
A13: 4️⃣ ACOMPANHE SALDO | B13: Aba '4. Saldo Atual' mostra quanto você tem de cada material AGORA
A14: 5️⃣ CURVA ABC | B14: Aba '5. Curva ABC' mostra quais 20% dos materiais representam 80% do custo
A15: 6️⃣ ALERTAS DE REPOSIÇÃO | B15: Aba '6. Alertas' avisa quando tá na hora de comprar
A17: ⚠️ CAMPOS AMARELOS = VOCÊ PREENCHE
A18: ⚠️ CAMPOS CINZA = CÁLCULO AUTOMÁTICO
A20: 💡 PONTO DE REPOSIÇÃO:
A21: Fórmula: (Consumo Médio/dia × Lead Time do fornecedor) + Estoque Segurança 20%
A23: Exemplo: Você gasta 10 chapas/semana (1,4 chapas/dia)
A24: Fornecedor demora 7 dias pra entregar
A25: Ponto de Reposição = (1,4 × 7) + 20% = 12 chapas
A26: Quando chegar em 12 chapas, JÁ COMPRA

Sheet 2. Cadastro de Materiais
A1: 📦 CADASTRO DE MATERIAIS
A3: Código | B3: Material | C3: Unidade | D3: Custo Unitário | E3: Estoque Mínimo | F3: Lead Time (dias) | G3: Fornecedor Principal | H3: Categoria
A4: MAT001 | B4: MDF Branco 18mm | C4: m² | D4: 120 | E4: 50 | F4: 7 | G4: Berneck | H4: Chapa
A5: MAT002 | B5: MDF Amadeirado 18mm | C5: m² | D5: 140 | E5: 40 | F5: 7 | G5: Berneck | H5: Chapa
A6: MAT003 | B6: MDP Branco 18mm | C6: m² | D6: 90 | E6: 60 | F6: 5 | G6: Duratex | H6: Chapa
A7: MAT004 | B7: MDP Amadeirado 18mm | C7: m² | D7: 100 | E7: 50 | F7: 5 | G7: Duratex | H7: Chapa
A8: MAT005 | B8: Fita de Borda PVC 22mm | C8: metro | D8: 3.5 | E8: 500 | F8: 10 | G8: Rehau | H8: Acabamento
A9: MAT006 | B9: Dobradiça Caneco 35mm | C9: unidade | D9: 8 | E9: 200 | F9: 7 | G9: Blum | H9: Ferragem
A10: MAT007 | B10: Corrediça Telescópica 45cm | C10: par | D10: 35 | E10: 100 | F10: 10 | G10: Blum | H10: Ferragem
A11: MAT008 | B11: Puxador Inox 128mm | C11: unidade | D11: 12 | E11: 150 | F11: 14 | G11: diversos | H11: Ferragem
A12: MAT009 | B12: Cola Branca Marceneiro | C12: litro | D12: 25 | E12: 20 | F12: 3 | G12: local | H12: Químico
A13: MAT010 | B13: Parafuso 4x30mm | C13: caixa 1000un | D13: 45 | E13: 10 | F13: 7 | G13: local | H13: Fixação

Sheet 3. Movimentações
A1: 📋 MOVIMENTAÇÕES DE ESTOQUE
A3: Data | B3: Código Material | C3: Material | D3: Tipo | E3: Quantidade | F3: Documento | G3: Observação
A4: 15/04/2025 | B4: MAT001 | C4: MDF Branco 18mm | D4: ENTRADA | E4: 100 | F4: NF 12345 | G4: Compra programada
A5: 16/04/2025 | B5: MAT001 | C5: MDF Branco 18mm | D5: SAÍDA | E5: -25 | F5: Projeto 089 | G5: Cozinha João Silva
A6: 17/04/2025 | B6: MAT003 | C6: MDP Branco 18mm | D6: ENTRADA | E6: 80 | F6: NF 12567 | G6: Reposição
A7: 18/04/2025 | B7: MAT006 | C7: Dobradiça Caneco 35mm | D7: SAÍDA | E7: -48 | F7: Projeto 089 | G7: Cozinha João Silva (24 portas)
A8: 19/04/2025 | B8: MAT001 | C8: MDF Branco 18mm | D8: SAÍDA | E8: -18 | F8: Projeto 090 | G8: Closet Maria Santos

Sheet 4. Saldo Atual
A1: 📊 SALDO ATUAL DE ESTOQUE
A3: Código | B3: Material | C3: Unidade | D3: Saldo Atual | E3: Custo Unit. | F3: Valor Total | G3: Status
A4: MAT001 | B4: MDF Branco 18mm | C4: m² | D4: 57 | E4: 120 | F4: =D4*E4 | G4: =IF(D4<'2. Cadastro de Materiais'!E4,"🔴 CRÍTICO",IF(D4<'2. Cadastro de Materiais'!E4*1.2,"⚠️ ATENÇÃO","✅ OK"))
A5: MAT002 | B5: MDF Amadeirado 18mm | C5: m² | D5: 40 | E5: 140 | F5: =D5*E5 | G5: =IF(D5<'2. Cadastro de Materiais'!E5,"🔴 CRÍTICO",IF(D5<'2. Cadastro de Materiais'!E5*1.2,"⚠️ ATENÇÃO","✅ OK"))
A6: MAT003 | B6: MDP Branco 18mm | C6: m² | D6: 80 | E6: 90 | F6: =D6*E6 | G6: =IF(D6<'2. Cadastro de Materiais'!E6,"🔴 CRÍTICO",IF(D6<'2. Cadastro de Materiais'!E6*1.2,"⚠️ ATENÇÃO","✅ OK"))
A7: MAT004 | B7: MDP Amadeirado 18mm | C7: m² | D7: 50 | E7: 100 | F7: =D7*E7 | G7: =IF(D7<'2. Cadastro de Materiais'!E7,"🔴 CRÍTICO",IF(D7<'2. Cadastro de Materiais'!E7*1.2,"⚠️ ATENÇÃO","✅ OK"))
A8: MAT005 | B8: Fita de Borda PVC 22mm | C8: metro | D8: 485 | E8: 3.5 | F8: =D8*E8 | G8: =IF(D8<'2. Cadastro de Materiais'!E8,"🔴 CRÍTICO",IF(D8<'2. Cadastro de Materiais'!E8*1.2,"⚠️ ATENÇÃO","✅ OK"))
A9: MAT006 | B9: Dobradiça Caneco 35mm | C9: unidade | D9: 152 | E9: 8 | F9: =D9*E9 | G9: =IF(D9<'2. Cadastro de Materiais'!E9,"🔴 CRÍTICO",IF(D9<'2. Cadastro de Materiais'!E9*1.2,"⚠️ ATENÇÃO","✅ OK"))
A10: MAT007 | B10: Corrediça Telescópica 45cm | C10: par | D10: 98 | E10: 35 | F10: =D10*E10 | G10: =IF(D10<'2. Cadastro de Materiais'!E10,"🔴 CRÍTICO",IF(D10<'2. Cadastro de Materiais'!E10*1.2,"⚠️ ATENÇÃO","✅ OK"))
A11: MAT008 | B11: Puxador Inox 128mm | C11: unidade | D11: 145 | E11: 12 | F11: =D11*E11 | G11: =IF(D11<'2. Cadastro de Materiais'!E11,"🔴 CRÍTICO",IF(D11<'2. Cadastro de Materiais'!E11*1.2,"⚠️ ATENÇÃO","✅ OK"))
A12: MAT009 | B12: Cola Branca Marceneiro | C12: litro | D12: 18 | E12: 25 | F12: =D12*E12 | G12: =IF(D12<'2. Cadastro de Materiais'!E12,"🔴 CRÍTICO",IF(D12<'2. Cadastro de Materiais'!E12*1.2,"⚠️ ATENÇÃO","✅ OK"))
A13: MAT010 | B13: Parafuso 4x30mm | C13: caixa 1000un | D13: 9 | E13: 45 | F13: =D13*E13 | G13: =IF(D13<'2. Cadastro de Materiais'!E13,"🔴 CRÍTICO",IF(D13<'2. Cadastro de Materiais'!E13*1.2,"⚠️ ATENÇÃO","✅ OK"))
A14: VALOR TOTAL EM ESTOQUE | F14: =SUM(F4:F13)

Sheet 5. Curva ABC
A1: 📈 CURVA ABC (ANÁLISE DE PARETO)
A3: A Curva ABC mostra quais materiais representam mais custo no seu estoque
A5: Código | B5: Material | C5: Valor em Estoque | D5: % do Total | E5: % Acumulado | F5: Classe
A6: MAT003 | B6: MDP Branco 18mm | C6: 7200 | D6: 0.223 | E6: 0.223 | F6: A
A7: MAT001 | B7: MDF Branco 18mm | C7: 6840 | D7: 0.212 | E7: 0.435 | F7: A
A8: MAT002 | B8: MDF Amadeirado 18mm | C8: 5600 | D8: 0.173 | E8: 0.608 | F8: A
A9: MAT004 | B9: MDP Amadeirado 18mm | C9: 5000 | D9: 0.155 | E9: 0.763 | F9: B
A10: MAT007 | B10: Corrediça Telescópica 45cm | C10: 3430 | D10: 0.106 | E10: 0.869 | F10: B
A11: MAT005 | B11: Fita de Borda PVC 22mm | C11: 1698 | D11: 0.052 | E11: 0.921 | F11: C
A12: MAT008 | B12: Puxador Inox 128mm | C12: 1740 | D12: 0.054 | E12: 0.975 | F12: C
A13: MAT006 | B13: Dobradiça Caneco 35mm | C13: 1216 | D13: 0.038 | E13: 1.013 | F13: C
A16: 💡 INTERPRETAÇÃO:
A18: Classe A (20% dos itens, 80% do valor) | B18: Controle RÍGIDO: contagem semanal, negociação direta com fornecedor
A19: Classe B (30% dos itens, 15% do valor) | B19: Controle MÉDIO: contagem quinzenal, revisão mensal
A20: Classe C (50% dos itens, 5% do valor) | B20: Controle MÍNIMO: contagem mensal, compra quando acabar

Sheet 6. Alertas
A1: ⚠️ ALERTAS DE REPOSIÇÃO
A3: Materiais que PRECISAM SER COMPRADOS agora (abaixo do estoque mínimo)
A5: Código | B5: Material | C5: Saldo Atual | D5: Estoque Mínimo | E5: Diferença | F5: Lead Time | G5: Fornecedor
A6: MAT009 | B6: Cola Branca Marceneiro | C6: 18 | D6: 20 | E6: -2 | F6: 3 | G6: local
A7: MAT010 | B7: Parafuso 4x30mm | C7: 9 | D7: 10 | E7: -1 | F7: 7 | G7: local
A10: 🔴 AÇÃO IMEDIATA:
A12: 1. Entre em contato com os fornecedores HOJE
A13: 2. Faça pedido considerando o Lead Time de cada um
A14: 3. Marque na agenda a data prevista de entrega
A15: 4. Quando chegar, registre ENTRADA na aba 'Movimentações'

Sheet 7. Dashboard
A1: 📊 DASHBOARD DE ESTOQUE
A4: VALOR TOTAL EM ESTOQUE | B4: ='4. Saldo Atual'!F14
A5: ITENS CRÍTICOS (abaixo mínimo) | B5: =COUNTIF('4. Saldo Atual'!G:G,"🔴 CRÍTICO")
A6: ITENS EM ATENÇÃO | B6: =COUNTIF('4. Saldo Atual'!G:G,"⚠️ ATENÇÃO")
A9: VALOR POR CATEGORIA:
A11: Chapa | B11: =SUMIF('2. Cadastro de Materiais'!H:H,"Chapa",'4. Saldo Atual'!F:F)
A12: Acabamento | B12: =SUMIF('2. Cadastro de Materiais'!H:H,"Acabamento",'4. Saldo Atual'!F:F)
A13: Ferragem | B13: =SUMIF('2. Cadastro de Materiais'!H:H,"Ferragem",'4. Saldo Atual'!F:F)
A14: Químico | B14: =SUMIF('2. Cadastro de Materiais'!H:H,"Químico",'4. Saldo Atual'!F:F)
A15: Fixação | B15: =SUMIF('2. Cadastro de Materiais'!H:H,"Fixação",'4. Saldo Atual'!F:F)
