Workbook

Sheet 1. Como Usar
A1: KPI 25/50/75/100 — APM FASE 4 (OPERAÇÃO)
A3: BEM-VINDO AO KPI 25/50/75/100
A4: Este é o indicador central da Fase 4: mede se a produção está no prazo, com critério objetivo — sem achismo.
A5: Unidade de medida: AMBIENTE completo (cozinha, closet, quarto...), nunca móvel isolado.
A6: 📋 COMO USAR:
A7: 1️⃣ CONSULTE A ABA '2. CRITÉRIOS OBJETIVOS' | B7: O que exatamente conta como 25/50/75/100 na fábrica e na obra
A8: 2️⃣ CADASTRE NA ABA '3. AMBIENTES' | B8: 1 linha por ambiente por fase (fábrica e obra são linhas separadas do mesmo ambiente)
A9: 3️⃣ PREENCHA AS DATAS PLANEJADAS | B9: Vêm do seu Cronograma Mestre — publique ANTES de iniciar a produção do ambiente
A10: 4️⃣ PREENCHA AS DATAS REAIS CONFORME ACONTECE | B10: Só preencha quando o critério da aba 2 for realmente cumprido — não antecipe
A11: 5️⃣ A PLANILHA CALCULA SOZINHA | B11: % planejado hoje, % real hoje, desvio e o semáforo (verde/amarelo/laranja/vermelho)
A12: 6️⃣ VEJA O RESULTADO POR PROJETO | B12: Aba '4. Painel do Projeto' — um ambiente em laranja ou vermelho derruba o projeto inteiro
A14: Ferramenta 5 de 5 — Fase 4 do currículo APM (Operação)

Sheet 2. Critérios Objetivos
A1: 📐 CRITÉRIOS OBJETIVOS — 25/50/75/100
A3: FÁBRICA
A4: Fábrica 25% | B4: Material do ambiente comprado e em pátio
A5: Fábrica 50% | B5: Corte e usinagem concluídos
A6: Fábrica 75% | B6: Pré-montagem finalizada
A7: Fábrica 100% | B7: Embalado — pronto para expedir
A9: OBRA
A10: Obra 25% | B10: Material in loco (recebido na obra)
A11: Obra 50% | B11: Montagem concluída
A12: Obra 75% | B12: Ajustes e acabamentos prontos
A13: Obra 100% | B13: Limpo e entregue ao cliente
A16: SEMÁFORO DE ADERÊNCIA
A17: 🟢 Verde | B17: Desvio ≥ 0 pontos (no prazo ou adiantado)
A18: 🟡 Amarelo | B18: Desvio entre −1 e −10 pontos
A19: 🟠 Laranja | B19: Desvio entre −11 e −25 pontos
A20: 🔴 Vermelho | B20: Desvio < −25 pontos
A23: Desvio = % Real Hoje − % Planejado Hoje. Regra de agregação: o projeto só fica verde se TODOS os seus ambientes (fábrica + obra) estiverem aderentes — um ambiente em laranja ou vermelho derruba o projeto inteiro.

Sheet 3. Ambientes
A1: 📊 AMBIENTES — PLANEJADO x REAL
A3: Projeto | B3: Ambiente | C3: Fase | D3: 25% Planej. | E3: 50% Planej. | F3: 75% Planej. | G3: 100% Planej. | H3: 25% Real | I3: 50% Real | J3: 75% Real | K3: 100% Real | L3: % Planej. Hoje | M3: % Real Hoje | N3: Desvio | O3: Status
A4: 089 | B4: Cozinha | C4: Fábrica | D4: 46209 | E4: 46216 | F4: 46223 | G4: 46227 | H4: 46210 | I4: 46218 | L4: =IF(G4="","",IF(TODAY()>=G4,100,IF(TODAY()>=F4,75,IF(TODAY()>=E4,50,IF(TODAY()>=D4,25,0))))) | M4: =IF(K4<>"",100,IF(J4<>"",75,IF(I4<>"",50,IF(H4<>"",25,0)))) | N4: =IF(L4="","",M4-L4) | O4: =IF(M4=100,"✅ Concluído",IF(N4="","",IF(N4>=0,"🟢 Verde",IF(N4>=-10,"🟡 Amarelo",IF(N4>=-25,"🟠 Laranja","🔴 Vermelho")))))
A5: 090 | B5: Closet | C5: Obra | D5: 46231 | E5: 46237 | F5: 46240 | G5: 46244 | L5: =IF(G5="","",IF(TODAY()>=G5,100,IF(TODAY()>=F5,75,IF(TODAY()>=E5,50,IF(TODAY()>=D5,25,0))))) | M5: =IF(K5<>"",100,IF(J5<>"",75,IF(I5<>"",50,IF(H5<>"",25,0)))) | N5: =IF(L5="","",M5-L5) | O5: =IF(M5=100,"✅ Concluído",IF(N5="","",IF(N5>=0,"🟢 Verde",IF(N5>=-10,"🟡 Amarelo",IF(N5>=-25,"🟠 Laranja","🔴 Vermelho")))))
L6: =IF(G6="","",IF(TODAY()>=G6,100,IF(TODAY()>=F6,75,IF(TODAY()>=E6,50,IF(TODAY()>=D6,25,0))))) | M6: =IF(K6<>"",100,IF(J6<>"",75,IF(I6<>"",50,IF(H6<>"",25,0)))) | N6: =IF(L6="","",M6-L6) | O6: =IF(M6=100,"✅ Concluído",IF(N6="","",IF(N6>=0,"🟢 Verde",IF(N6>=-10,"🟡 Amarelo",IF(N6>=-25,"🟠 Laranja","🔴 Vermelho")))))
L7: =IF(G7="","",IF(TODAY()>=G7,100,IF(TODAY()>=F7,75,IF(TODAY()>=E7,50,IF(TODAY()>=D7,25,0))))) | M7: =IF(K7<>"",100,IF(J7<>"",75,IF(I7<>"",50,IF(H7<>"",25,0)))) | N7: =IF(L7="","",M7-L7) | O7: =IF(M7=100,"✅ Concluído",IF(N7="","",IF(N7>=0,"🟢 Verde",IF(N7>=-10,"🟡 Amarelo",IF(N7>=-25,"🟠 Laranja","🔴 Vermelho")))))
L8: =IF(G8="","",IF(TODAY()>=G8,100,IF(TODAY()>=F8,75,IF(TODAY()>=E8,50,IF(TODAY()>=D8,25,0))))) | M8: =IF(K8<>"",100,IF(J8<>"",75,IF(I8<>"",50,IF(H8<>"",25,0)))) | N8: =IF(L8="","",M8-L8) | O8: =IF(M8=100,"✅ Concluído",IF(N8="","",IF(N8>=0,"🟢 Verde",IF(N8>=-10,"🟡 Amarelo",IF(N8>=-25,"🟠 Laranja","🔴 Vermelho")))))
L9: =IF(G9="","",IF(TODAY()>=G9,100,IF(TODAY()>=F9,75,IF(TODAY()>=E9,50,IF(TODAY()>=D9,25,0))))) | M9: =IF(K9<>"",100,IF(J9<>"",75,IF(I9<>"",50,IF(H9<>"",25,0)))) | N9: =IF(L9="","",M9-L9) | O9: =IF(M9=100,"✅ Concluído",IF(N9="","",IF(N9>=0,"🟢 Verde",IF(N9>=-10,"🟡 Amarelo",IF(N9>=-25,"🟠 Laranja","🔴 Vermelho")))))
L10: =IF(G10="","",IF(TODAY()>=G10,100,IF(TODAY()>=F10,75,IF(TODAY()>=E10,50,IF(TODAY()>=D10,25,0))))) | M10: =IF(K10<>"",100,IF(J10<>"",75,IF(I10<>"",50,IF(H10<>"",25,0)))) | N10: =IF(L10="","",M10-L10) | O10: =IF(M10=100,"✅ Concluído",IF(N10="","",IF(N10>=0,"🟢 Verde",IF(N10>=-10,"🟡 Amarelo",IF(N10>=-25,"🟠 Laranja","🔴 Vermelho")))))
L11: =IF(G11="","",IF(TODAY()>=G11,100,IF(TODAY()>=F11,75,IF(TODAY()>=E11,50,IF(TODAY()>=D11,25,0))))) | M11: =IF(K11<>"",100,IF(J11<>"",75,IF(I11<>"",50,IF(H11<>"",25,0)))) | N11: =IF(L11="","",M11-L11) | O11: =IF(M11=100,"✅ Concluído",IF(N11="","",IF(N11>=0,"🟢 Verde",IF(N11>=-10,"🟡 Amarelo",IF(N11>=-25,"🟠 Laranja","🔴 Vermelho")))))
L12: =IF(G12="","",IF(TODAY()>=G12,100,IF(TODAY()>=F12,75,IF(TODAY()>=E12,50,IF(TODAY()>=D12,25,0))))) | M12: =IF(K12<>"",100,IF(J12<>"",75,IF(I12<>"",50,IF(H12<>"",25,0)))) | N12: =IF(L12="","",M12-L12) | O12: =IF(M12=100,"✅ Concluído",IF(N12="","",IF(N12>=0,"🟢 Verde",IF(N12>=-10,"🟡 Amarelo",IF(N12>=-25,"🟠 Laranja","🔴 Vermelho")))))
L13: =IF(G13="","",IF(TODAY()>=G13,100,IF(TODAY()>=F13,75,IF(TODAY()>=E13,50,IF(TODAY()>=D13,25,0))))) | M13: =IF(K13<>"",100,IF(J13<>"",75,IF(I13<>"",50,IF(H13<>"",25,0)))) | N13: =IF(L13="","",M13-L13) | O13: =IF(M13=100,"✅ Concluído",IF(N13="","",IF(N13>=0,"🟢 Verde",IF(N13>=-10,"🟡 Amarelo",IF(N13>=-25,"🟠 Laranja","🔴 Vermelho")))))
L14: =IF(G14="","",IF(TODAY()>=G14,100,IF(TODAY()>=F14,75,IF(TODAY()>=E14,50,IF(TODAY()>=D14,25,0))))) | M14: =IF(K14<>"",100,IF(J14<>"",75,IF(I14<>"",50,IF(H14<>"",25,0)))) | N14: =IF(L14="","",M14-L14) | O14: =IF(M14=100,"✅ Concluído",IF(N14="","",IF(N14>=0,"🟢 Verde",IF(N14>=-10,"🟡 Amarelo",IF(N14>=-25,"🟠 Laranja","🔴 Vermelho")))))
L15: =IF(G15="","",IF(TODAY()>=G15,100,IF(TODAY()>=F15,75,IF(TODAY()>=E15,50,IF(TODAY()>=D15,25,0))))) | M15: =IF(K15<>"",100,IF(J15<>"",75,IF(I15<>"",50,IF(H15<>"",25,0)))) | N15: =IF(L15="","",M15-L15) | O15: =IF(M15=100,"✅ Concluído",IF(N15="","",IF(N15>=0,"🟢 Verde",IF(N15>=-10,"🟡 Amarelo",IF(N15>=-25,"🟠 Laranja","🔴 Vermelho")))))
L16: =IF(G16="","",IF(TODAY()>=G16,100,IF(TODAY()>=F16,75,IF(TODAY()>=E16,50,IF(TODAY()>=D16,25,0))))) | M16: =IF(K16<>"",100,IF(J16<>"",75,IF(I16<>"",50,IF(H16<>"",25,0)))) | N16: =IF(L16="","",M16-L16) | O16: =IF(M16=100,"✅ Concluído",IF(N16="","",IF(N16>=0,"🟢 Verde",IF(N16>=-10,"🟡 Amarelo",IF(N16>=-25,"🟠 Laranja","🔴 Vermelho")))))
L17: =IF(G17="","",IF(TODAY()>=G17,100,IF(TODAY()>=F17,75,IF(TODAY()>=E17,50,IF(TODAY()>=D17,25,0))))) | M17: =IF(K17<>"",100,IF(J17<>"",75,IF(I17<>"",50,IF(H17<>"",25,0)))) | N17: =IF(L17="","",M17-L17) | O17: =IF(M17=100,"✅ Concluído",IF(N17="","",IF(N17>=0,"🟢 Verde",IF(N17>=-10,"🟡 Amarelo",IF(N17>=-25,"🟠 Laranja","🔴 Vermelho")))))
... L25: =IF(G25="","",IF(TODAY()>=G25,100,IF(TODAY()>=F25,75,IF(TODAY()>=E25,50,IF(TODAY()>=D25,25,0))))) | M25: =IF(K25<>"",100,IF(J25<>"",75,IF(I25<>"",50,IF(H25<>"",25,0)))) | N25: =IF(L25="","",M25-L25) | O25: =IF(M25=100,"✅ Concluído",IF(N25="","",IF(N25>=0,"🟢 Verde",IF(N25>=-10,"🟡 Amarelo",IF(N25>=-25,"🟠 Laranja","🔴 Vermelho")))))
A27: Datas em azul = preenchidas por você (Planejado vem do Cronograma Mestre; Real só quando o critério da aba 2 for cumprido). Colunas cinza (% Planej., % Real, Desvio, Status) são calculadas automaticamente.

Sheet 4. Painel do Projeto
A1: 🚦 PAINEL DO PROJETO — AGREGAÇÃO
A3: Projeto | B3: Ambientes em Vermelho | C3: Ambientes em Laranja | D3: Ambientes em Amarelo | E3: Total de Ambientes | F3: Status do Projeto
A4: 089 | B4: =COUNTIFS('3. Ambientes'!$A:$A,A4,'3. Ambientes'!$O:$O,"🔴 Vermelho") | C4: =COUNTIFS('3. Ambientes'!$A:$A,A4,'3. Ambientes'!$O:$O,"🟠 Laranja") | D4: =COUNTIFS('3. Ambientes'!$A:$A,A4,'3. Ambientes'!$O:$O,"🟡 Amarelo") | E4: =COUNTIF('3. Ambientes'!$A:$A,A4) | F4: =IF(B4>0,"🔴 Vermelho",IF(C4>0,"🟠 Laranja",IF(D4>0,"🟡 Amarelo","🟢 Verde")))
A5: 090 | B5: =COUNTIFS('3. Ambientes'!$A:$A,A5,'3. Ambientes'!$O:$O,"🔴 Vermelho") | C5: =COUNTIFS('3. Ambientes'!$A:$A,A5,'3. Ambientes'!$O:$O,"🟠 Laranja") | D5: =COUNTIFS('3. Ambientes'!$A:$A,A5,'3. Ambientes'!$O:$O,"🟡 Amarelo") | E5: =COUNTIF('3. Ambientes'!$A:$A,A5) | F5: =IF(B5>0,"🔴 Vermelho",IF(C5>0,"🟠 Laranja",IF(D5>0,"🟡 Amarelo","🟢 Verde")))
B6: =IF(A6="","",COUNTIFS('3. Ambientes'!$A:$A,A6,'3. Ambientes'!$O:$O,"🔴 Vermelho")) | C6: =IF(A6="","",COUNTIFS('3. Ambientes'!$A:$A,A6,'3. Ambientes'!$O:$O,"🟠 Laranja")) | D6: =IF(A6="","",COUNTIFS('3. Ambientes'!$A:$A,A6,'3. Ambientes'!$O:$O,"🟡 Amarelo")) | E6: =IF(A6="","",COUNTIF('3. Ambientes'!$A:$A,A6)) | F6: =IF(A6="","",IF(B6>0,"🔴 Vermelho",IF(C6>0,"🟠 Laranja",IF(D6>0,"🟡 Amarelo","🟢 Verde"))))
B7: =IF(A7="","",COUNTIFS('3. Ambientes'!$A:$A,A7,'3. Ambientes'!$O:$O,"🔴 Vermelho")) | C7: =IF(A7="","",COUNTIFS('3. Ambientes'!$A:$A,A7,'3. Ambientes'!$O:$O,"🟠 Laranja")) | D7: =IF(A7="","",COUNTIFS('3. Ambientes'!$A:$A,A7,'3. Ambientes'!$O:$O,"🟡 Amarelo")) | E7: =IF(A7="","",COUNTIF('3. Ambientes'!$A:$A,A7)) | F7: =IF(A7="","",IF(B7>0,"🔴 Vermelho",IF(C7>0,"🟠 Laranja",IF(D7>0,"🟡 Amarelo","🟢 Verde"))))
B8: =IF(A8="","",COUNTIFS('3. Ambientes'!$A:$A,A8,'3. Ambientes'!$O:$O,"🔴 Vermelho")) | C8: =IF(A8="","",COUNTIFS('3. Ambientes'!$A:$A,A8,'3. Ambientes'!$O:$O,"🟠 Laranja")) | D8: =IF(A8="","",COUNTIFS('3. Ambientes'!$A:$A,A8,'3. Ambientes'!$O:$O,"🟡 Amarelo")) | E8: =IF(A8="","",COUNTIF('3. Ambientes'!$A:$A,A8)) | F8: =IF(A8="","",IF(B8>0,"🔴 Vermelho",IF(C8>0,"🟠 Laranja",IF(D8>0,"🟡 Amarelo","🟢 Verde"))))
B9: =IF(A9="","",COUNTIFS('3. Ambientes'!$A:$A,A9,'3. Ambientes'!$O:$O,"🔴 Vermelho")) | C9: =IF(A9="","",COUNTIFS('3. Ambientes'!$A:$A,A9,'3. Ambientes'!$O:$O,"🟠 Laranja")) | D9: =IF(A9="","",COUNTIFS('3. Ambientes'!$A:$A,A9,'3. Ambientes'!$O:$O,"🟡 Amarelo")) | E9: =IF(A9="","",COUNTIF('3. Ambientes'!$A:$A,A9)) | F9: =IF(A9="","",IF(B9>0,"🔴 Vermelho",IF(C9>0,"🟠 Laranja",IF(D9>0,"🟡 Amarelo","🟢 Verde"))))
B10: =IF(A10="","",COUNTIFS('3. Ambientes'!$A:$A,A10,'3. Ambientes'!$O:$O,"🔴 Vermelho")) | C10: =IF(A10="","",COUNTIFS('3. Ambientes'!$A:$A,A10,'3. Ambientes'!$O:$O,"🟠 Laranja")) | D10: =IF(A10="","",COUNTIFS('3. Ambientes'!$A:$A,A10,'3. Ambientes'!$O:$O,"🟡 Amarelo")) | E10: =IF(A10="","",COUNTIF('3. Ambientes'!$A:$A,A10)) | F10: =IF(A10="","",IF(B10>0,"🔴 Vermelho",IF(C10>0,"🟠 Laranja",IF(D10>0,"🟡 Amarelo","🟢 Verde"))))
B11: =IF(A11="","",COUNTIFS('3. Ambientes'!$A:$A,A11,'3. Ambientes'!$O:$O,"🔴 Vermelho")) | C11: =IF(A11="","",COUNTIFS('3. Ambientes'!$A:$A,A11,'3. Ambientes'!$O:$O,"🟠 Laranja")) | D11: =IF(A11="","",COUNTIFS('3. Ambientes'!$A:$A,A11,'3. Ambientes'!$O:$O,"🟡 Amarelo")) | E11: =IF(A11="","",COUNTIF('3. Ambientes'!$A:$A,A11)) | F11: =IF(A11="","",IF(B11>0,"🔴 Vermelho",IF(C11>0,"🟠 Laranja",IF(D11>0,"🟡 Amarelo","🟢 Verde"))))
B12: =IF(A12="","",COUNTIFS('3. Ambientes'!$A:$A,A12,'3. Ambientes'!$O:$O,"🔴 Vermelho")) | C12: =IF(A12="","",COUNTIFS('3. Ambientes'!$A:$A,A12,'3. Ambientes'!$O:$O,"🟠 Laranja")) | D12: =IF(A12="","",COUNTIFS('3. Ambientes'!$A:$A,A12,'3. Ambientes'!$O:$O,"🟡 Amarelo")) | E12: =IF(A12="","",COUNTIF('3. Ambientes'!$A:$A,A12)) | F12: =IF(A12="","",IF(B12>0,"🔴 Vermelho",IF(C12>0,"🟠 Laranja",IF(D12>0,"🟡 Amarelo","🟢 Verde"))))
B13: =IF(A13="","",COUNTIFS('3. Ambientes'!$A:$A,A13,'3. Ambientes'!$O:$O,"🔴 Vermelho")) | C13: =IF(A13="","",COUNTIFS('3. Ambientes'!$A:$A,A13,'3. Ambientes'!$O:$O,"🟠 Laranja")) | D13: =IF(A13="","",COUNTIFS('3. Ambientes'!$A:$A,A13,'3. Ambientes'!$O:$O,"🟡 Amarelo")) | E13: =IF(A13="","",COUNTIF('3. Ambientes'!$A:$A,A13)) | F13: =IF(A13="","",IF(B13>0,"🔴 Vermelho",IF(C13>0,"🟠 Laranja",IF(D13>0,"🟡 Amarelo","🟢 Verde"))))
A15: Digite o código do projeto na coluna A (mesmo texto usado na aba '3. Ambientes') — as demais colunas calculam sozinhas. Regra: 1 ambiente em laranja ou vermelho derruba o status do projeto inteiro, mesmo que os outros estejam verdes.
